{"cameraMode":{"drawMode":0,"name":"Shaded","section":"Shading Mode"},"sceneLighting":true,"audioPlay":false,"sceneViewState":{"m_AlwaysRefresh":false,"showFog":true,"showSkybox":true,"showFlares":true,"showImageEffects":true,"showParticleSystems":true,"showVisualEffectGraphs":true,"m_FxEnabled":true},"in2DMode":false,"pivot":{"x":2.8479533195495607,"y":-1.4754908084869385,"z":20.035804748535158},"rotation":{"x":0.08266285061836243,"y":0.036730263382196429,"z":-0.0030523748137056829,"w":0.9959324598312378},"size":11.747698783874512,"orthographic":false}