{"cameraMode":{"drawMode":0,"name":"Shaded","section":"Shading Mode"},"sceneLighting":true,"audioPlay":false,"sceneViewState":{"m_AlwaysRefresh":false,"showFog":true,"showSkybox":true,"showFlares":true,"showImageEffects":true,"showParticleSystems":true,"showVisualEffectGraphs":true,"m_FxEnabled":true},"in2DMode":false,"pivot":{"x":-2.031869888305664,"y":-3.0641098022460939,"z":19.555233001708986},"rotation":{"x":0.11676331609487534,"y":-0.06910592317581177,"z":0.008129709400236607,"w":0.9907559156417847},"size":11.93975830078125,"orthographic":false}