{"cameraMode":{"drawMode":0,"name":"Shaded","section":"Shading Mode"},"sceneLighting":true,"audioPlay":false,"sceneViewState":{"m_AlwaysRefresh":false,"showFog":true,"showSkybox":true,"showFlares":true,"showImageEffects":true,"showParticleSystems":true,"showVisualEffectGraphs":true,"m_FxEnabled":true},"in2DMode":false,"pivot":{"x":0.5104067921638489,"y":-1.9900858402252198,"z":20.094877243041993},"rotation":{"x":0.1006309762597084,"y":0.015781555324792863,"z":-0.0016031955601647497,"w":0.9948351383209229},"size":10.68631649017334,"orthographic":false}