{"cameraMode":{"drawMode":0,"name":"Shaded","section":"Shading Mode"},"sceneLighting":false,"audioPlay":false,"sceneViewState":{"m_AlwaysRefresh":false,"showFog":true,"showSkybox":false,"showFlares":true,"showImageEffects":true,"showParticleSystems":true,"showVisualEffectGraphs":true,"m_FxEnabled":true},"in2DMode":false,"pivot":{"x":-0.23992562294006349,"y":0.8227918148040772,"z":-1.211566686630249},"rotation":{"x":-0.07483857125043869,"y":0.7173667550086975,"z":-0.07800347357988358,"w":-0.6882678866386414},"size":1.1813898086547852,"orthographic":false}