{"cameraMode":{"drawMode":0,"name":"Shaded","section":"Shading Mode"},"sceneLighting":false,"audioPlay":false,"sceneViewState":{"m_AlwaysRefresh":false,"showFog":true,"showSkybox":false,"showFlares":true,"showImageEffects":true,"showParticleSystems":true,"showVisualEffectGraphs":true,"m_FxEnabled":true},"in2DMode":false,"pivot":{"x":3.7838337421417238,"y":0.5466811060905457,"z":0.6906079649925232},"rotation":{"x":-0.05231648311018944,"y":0.7028519511222839,"z":-0.05197141319513321,"w":-0.7075074315071106},"size":1.2987196445465088,"orthographic":false}