{"cameraMode":{"drawMode":0,"name":"Shaded","section":"Shading Mode"},"sceneLighting":false,"audioPlay":false,"sceneViewState":{"m_AlwaysRefresh":false,"showFog":true,"showSkybox":false,"showFlares":true,"showImageEffects":true,"showParticleSystems":true,"showVisualEffectGraphs":true,"m_FxEnabled":true},"in2DMode":false,"pivot":{"x":-0.5970671772956848,"y":1.4606642723083497,"z":3.6576480865478517},"rotation":{"x":-0.031641650944948199,"y":-0.24983057379722596,"z":-0.00818953663110733,"w":0.967766284942627},"size":0.5934131145477295,"orthographic":false}